Cycle,Charge_Current,Discharge_Current,Temperature,Capacity_Increment,Relaxation_Voltage,Discharge_Capacity,Start_Voltage,End_Voltage
2,0.5,1,25,"[0.0, 32.05134230429553, 69.97545377743478, 108.39447411111718, 147.30010210761935, 189.43227415592634, 235.45924495206197, 290.11183571465375, 347.2407423437459, 393.54831485656763]","[4.1816826, 4.177272299999999, 4.174398399999999, 4.1721935, 4.1704216, 4.1689649, 4.1678624, 4.166877700000001, 4.1660118, 4.1651454, 4.164594200000001, 4.1639643, 4.1634917, 4.1630588]",3221.568945201824,3.6,3.7
3,0.5,1,25,"[0.0, 32.714854008955285, 70.69045851221807, 108.29726429919634, 146.85899451445647, 188.8487104207623, 235.34983613917092, 289.2708426898277, 346.54114063844276, 393.5480282676867]","[4.181643, 4.1771936, 4.1743193, 4.1721144, 4.170382, 4.169004, 4.1678228, 4.1669564, 4.165932700000001, 4.1652241000000005, 4.1645546, 4.1640034, 4.163412999999999, 4.1629796]",3220.474811570097,3.6,3.7
4,0.5,1,25,"[0.0, 25.973957879191175, 64.11812125866868, 101.39998734542667, 140.55004373836846, 181.92367863501931, 228.44859926721801, 281.88027794295954, 338.99250912119646, 393.5486817145452]","[4.1815643, 4.177115000000001, 4.174122799999999, 4.1719179, 4.1701851, 4.1688466, 4.1677046, 4.1666417, 4.165932700000001, 4.1651058, 4.164358099999999, 4.1638064, 4.1633735, 4.1627436]",3218.161165115557,3.6,3.7
5,0.5,1,25,"[0.0, 25.913025329528978, 63.781540993873364, 101.53055039665583, 140.0573065853397, 181.11107835508858, 227.14956644013387, 280.03681749114287, 337.07270208177476, 393.55234861897793]","[4.181643, 4.177272299999999, 4.1743193, 4.1720753, 4.1703429, 4.1690435, 4.1678228, 4.1667204, 4.1660118, 4.1651058, 4.1645546, 4.1639247, 4.1634917, 4.1629405]",3216.665560883112,3.6,3.7
6,0.5,1,25,"[0.0, 30.073604709378742, 68.16396907581213, 105.27962760047774, 143.74498782935427, 185.03651863866298, 230.6225702719039, 283.4141404162144, 340.43630973871564, 393.5567649813504]","[4.1814857000000005, 4.1770363, 4.1742015, 4.1720753, 4.1703429, 4.168885700000001, 4.1677833, 4.1666417, 4.1658936, 4.1652241000000005, 4.1645155, 4.1640825, 4.1634917, 4.1629009]",3214.311977406278,3.6,3.7
7,0.5,1,25,"[0.0, 33.59082459101052, 70.78954818231523, 108.4723699315399, 147.07590249704674, 188.32675044382415, 233.19320725372438, 285.50734457135604, 343.17805939484447, 393.55402509365547]","[4.181721700000001, 4.1772332, 4.1742406, 4.1721144, 4.1703033, 4.168807, 4.1677442000000005, 4.1666417, 4.1658936, 4.1651454, 4.1644759, 4.1639247, 4.1633344, 4.1629009]",3212.261872269693,3.6,3.7
8,0.5,1,25,"[0.0, 22.734570581391267, 60.12081312094597, 98.02083725655962, 135.81808902299736, 176.68432801143774, 221.75161695255133, 274.3241466209204, 331.65445241104067, 378.9745429958091]","[4.1816039, 4.1771936, 4.1742406, 4.171957, 4.1702247, 4.1689253, 4.1677046, 4.1667204, 4.1658936, 4.1651454, 4.164594200000001, 4.1640034, 4.1633735, 4.1629796]",3209.898187485082,3.6,3.7
9,0.5,1,25,"[0.0, 25.494199418440644, 62.82232010282979, 99.9512210493503, 138.54497282547942, 178.50802067258968, 223.77644885080514, 276.1635275520777, 333.5086790102641, 378.98317438069665]","[4.1814857000000005, 4.1770759, 4.1742015, 4.1720357, 4.170382, 4.1688466, 4.1676655, 4.1667204, 4.165932700000001, 4.165066700000001, 4.1643972, 4.163846, 4.1633735, 4.1629009]",3207.329063119029,3.6,3.7
10,0.5,1,25,"[0.0, 28.739871230715153, 65.60451565050545, 103.16107304692588, 140.7386571461812, 181.46049186425563, 226.33544651049607, 278.15727476790033, 335.8751615071512, 378.9795209240045]","[4.1815643, 4.1770759, 4.1743193, 4.1719966, 4.1702638, 4.1688466, 4.1677442000000005, 4.166563, 4.165854, 4.1651454, 4.1645546, 4.1639247, 4.1633735, 4.1629009]",3205.0803952644847,3.6,3.7
11,0.5,1,25,"[0.0, 30.92812692540872, 67.943849957721, 105.45260945857672, 143.2607868973755, 183.69830659389027, 228.11819464920598, 279.953197446898, 337.0203949974692, 393.5552317936198]","[4.1816039, 4.1769576, 4.174122799999999, 4.171957, 4.170146, 4.1688466, 4.1676655, 4.1666021, 4.165854, 4.164988, 4.1644759, 4.1638856, 4.1633735, 4.1628222]",3202.333156381836,3.6,3.7
12,0.5,1,25,"[0.0, 31.46031400280532, 68.61260287093097, 105.71417198307944, 143.76426204608828, 184.08693647178387, 228.08074624777015, 280.17653076706443, 337.15174801299355, 393.55711869242344]","[4.1814857000000005, 4.1770363, 4.173965, 4.1717601, 4.1701064, 4.168807, 4.1675868, 4.1664839, 4.1656966, 4.1649094, 4.1642003, 4.1638064, 4.1632552, 4.162704]",3199.808866211886,3.6,3.7
13,0.5,1,25,"[0.0, 32.025963682261306, 68.87848002591784, 106.42837052439154, 143.8340409924566, 184.28475284679848, 228.66867616809134, 280.3610780563904, 337.3223004823859, 393.54945941006144]","[4.181407, 4.1770363, 4.1740046, 4.1720357, 4.1701064, 4.1687284, 4.1675868, 4.1665235, 4.165854, 4.1650271, 4.1642790000000005, 4.1637673, 4.1632948, 4.1627436]",3197.313178410241,3.6,3.7
14,0.5,1,25,"[0.0, 34.380340033707625, 70.97286065874363, 108.44456210895532, 145.82573014322338, 186.6112265724339, 230.34285258901025, 281.6244001509641, 338.53617950418857, 393.54922718512626]","[4.1816039, 4.1770759, 4.1741619, 4.1718783, 4.1702638, 4.1689253, 4.1675868, 4.1666021, 4.1657753, 4.1651454, 4.1645155, 4.1638064, 4.1633735, 4.1629405]",3199.0472534775126,3.6,3.7
15,0.5,1,25,"[0.0, 30.29756183847354, 67.32434547382366, 104.75047024359344, 142.2857763880054, 181.99789809095887, 225.98597151294769, 277.1486814096587, 334.2952003716779, 378.97044141140395]","[4.181407, 4.176918, 4.1739259, 4.1718388, 4.169988200000001, 4.1686893, 4.1675472000000005, 4.1664839, 4.1655784, 4.1648302, 4.1642399, 4.163688700000001, 4.1632161, 4.1627436]",3191.6687748107925,3.6,3.7
16,0.5,1,25,"[0.0, 33.70082883899954, 70.10907028998923, 107.32137937042768, 144.73557298543636, 184.43495986073566, 228.8390190901775, 279.48502480557937, 336.5001526120188, 393.55650427917516]","[4.1814461000000005, 4.177115000000001, 4.1740046, 4.171721, 4.170146, 4.168807, 4.1675076, 4.1665235, 4.1656966, 4.1649485, 4.1643186000000005, 4.1636491, 4.1632161, 4.162704]",3189.333850989038,3.6,3.7
17,0.5,1,25,"[0.0, 20.82678356544932, 57.789994596790564, 94.38407754052974, 131.93882949293908, 171.98108949742112, 215.24814427636198, 266.60433456460106, 323.3243562969422, 378.9840945174155]","[4.1813674, 4.1769576, 4.1740046, 4.1717997, 4.1700277, 4.1686497000000005, 4.1675076, 4.1664839, 4.165657, 4.1648698, 4.1642003, 4.1637278, 4.1632161, 4.162664899999999]",3186.780866830108,3.6,3.7
18,0.5,1,25,"[0.0, 21.91428245876068, 58.69856673429689, 95.72700846047684, 133.11994162922628, 172.78058126401328, 215.8860580731519, 266.7895675108875, 323.55331855414335, 378.9743394316952]","[4.1813674, 4.1768394, 4.1740046, 4.1718783, 4.1701064, 4.1686101, 4.1675076, 4.1666417, 4.1657753, 4.1650271, 4.1641612, 4.1637278, 4.1632161, 4.162704]",3184.110892400582,3.6,3.7
19,0.5,1,25,"[0.0, 24.321334652220912, 60.78810209708348, 97.6442152429139, 134.99826231319048, 174.43233691100977, 218.45181155987234, 268.48835890677606, 325.1360844578212, 378.981824302233]","[4.1812887000000005, 4.176918, 4.1739259, 4.1717601, 4.170146, 4.1686101, 4.167429, 4.1664448, 4.1655393, 4.1648698, 4.1642399, 4.1637278, 4.1630979, 4.162625299999999]",3181.688961240779,3.6,3.7
20,0.5,1,25,"[0.0, 24.701082196482616, 61.07218938333136, 97.66896901431454, 135.27637402335432, 174.58342362016543, 217.82773739073224, 268.3607869270267, 324.7750648955402, 378.9800842500811]","[4.1813674, 4.176878899999999, 4.1740046, 4.1718388, 4.1700277, 4.1686497000000005, 4.1674685, 4.166405200000001, 4.165657, 4.1649094, 4.1642399, 4.1636491, 4.1632161, 4.162625299999999]",3179.183229876574,3.6,3.7
21,0.5,1,25,"[0.0, 25.207218891766274, 61.56548340561045, 98.35575209467225, 135.83374705001876, 175.15392489966774, 218.287100774797, 268.16625120389193, 324.91915446505976, 378.97106485744877]","[4.1812887000000005, 4.1768394, 4.1740046, 4.171721, 4.1699491, 4.168571, 4.167310700000001, 4.1664839, 4.165499700000001, 4.1647911, 4.1642003, 4.1636491, 4.1630979, 4.162625299999999]",3176.775729167075,3.6,3.7
22,0.5,1,25,"[0.0, 26.195975288496186, 62.494500127570575, 98.96816324737819, 136.59183450718837, 175.73412219384926, 218.95574546289998, 268.7039780409263, 324.9452963404146, 378.97173780856673]","[4.181052200000001, 4.1768003, 4.173768, 4.1716027, 4.1698704, 4.1684527000000005, 4.1673503, 4.1663265, 4.1653423, 4.1647515, 4.164042899999999, 4.1634917, 4.1630192, 4.1624284]",3173.957046750215,3.6,3.7
23,0.5,1,25,"[0.0, 25.793724989314512, 62.34852940335895, 99.23251209553001, 136.2381578402024, 175.59567266833852, 217.98785035940642, 267.8920661137001, 324.03833786256854, 378.9736251483152]","[4.1813278, 4.1766033, 4.173768, 4.171642299999999, 4.1698704, 4.1684136, 4.1672716, 4.166405200000001, 4.1653814, 4.1646729, 4.164042899999999, 4.163412999999999, 4.1629796, 4.1624284]",3171.736369864638,3.6,3.7
24,0.5,1,25,"[0.0, 26.728697363340018, 62.77747318563371, 99.32167632402218, 136.91090956547816, 176.16903487059744, 218.0123880066177, 268.5103353110824, 324.7091990070095, 378.9694531452774]","[4.1811314, 4.176682, 4.173768, 4.1715631, 4.1699491, 4.168571, 4.1672716, 4.1663265, 4.165499700000001, 4.1647515, 4.1640034, 4.1633344, 4.162861799999999, 4.162507499999999]",3169.261002611217,3.6,3.7
25,0.5,1,25,"[0.0, 26.12107897758341, 62.311080768375575, 98.55174360938713, 136.10317015266776, 174.86111075618544, 217.68353571249452, 267.36080525597777, 323.35065163611205, 378.9722378029378]","[4.18121, 4.1767211, 4.1738472, 4.171642299999999, 4.1697917, 4.1684527000000005, 4.167429, 4.1663265, 4.165499700000001, 4.1647124, 4.164042899999999, 4.1634521, 4.1629405, 4.1623893]",3166.898276500518,3.6,3.7
26,0.5,1,25,"[0.0, 27.62849570286801, 63.90747016232001, 100.73802799018466, 137.3348837689386, 176.2983374249538, 218.45977987985106, 268.5874638778002, 324.81944845148706, 378.96604692118314]","[4.18121, 4.1768394, 4.1737289, 4.1716027, 4.1698704, 4.1684136, 4.1672716, 4.1662083, 4.165421, 4.1646729, 4.1640825, 4.1634917, 4.162861799999999, 4.1624284]",3164.57950713474,3.6,3.7
27,0.5,1,25,"[0.0, 26.854454611179733, 62.83447656068205, 99.43687281456943, 136.27496590571667, 175.30403026446578, 218.2913946442206, 267.22551014440074, 323.0412809437119, 378.9630523042808]","[4.18121, 4.176682, 4.173650299999999, 4.1714454, 4.1697521, 4.1684136, 4.1671929, 4.1662083, 4.1653814, 4.164594200000001, 4.1640825, 4.163412999999999, 4.1629405, 4.1624284]",3162.21464219686,3.6,3.7
28,0.5,1,25,"[0.0, 25.52453969010344, 61.73343924095332, 97.87940599392505, 135.14321538161164, 173.9897670819911, 216.52796112729493, 265.20710084540724, 321.14304068427873, 378.96440784125446]","[4.181052200000001, 4.1765246, 4.173650299999999, 4.1713271, 4.1696734, 4.1682558, 4.1671534, 4.1660905, 4.165185, 4.1645155, 4.1638064, 4.1632948, 4.162704, 4.1623497]",3159.607498252631,3.6,3.7
29,0.5,1,25,"[0.0, 28.382351945316998, 63.98647728259823, 100.64316259312011, 137.80412788141393, 176.58613451963777, 218.7716307368205, 267.41782128901775, 323.4151303023764, 378.9596513145615]","[4.181052200000001, 4.1765637, 4.1736107, 4.1714058, 4.1697521, 4.1682167, 4.1670351000000005, 4.1660509, 4.165263700000001, 4.1644368, 4.163846, 4.1631765, 4.162704, 4.162271]",3157.6322491727697,3.6,3.7
30,0.5,1,25,"[0.0, 24.527412281594366, 60.14972274190751, 96.9919207080116, 133.7167414229504, 172.2687800902691, 214.88600343437707, 263.65801220040754, 319.6826302182116, 364.3824137251111]","[4.1810918, 4.1766033, 4.173532, 4.1713667, 4.1696734, 4.1682167, 4.1670351000000005, 4.165972200000001, 4.1651058, 4.1644368, 4.1636491, 4.163137399999999, 4.162704, 4.1621137]",3155.3974441700598,3.6,3.7
31,0.5,1,25,"[0.0, 25.183850522122782, 60.740454294350684, 97.46635677860786, 134.1270823820438, 173.2977451531002, 215.23144531007927, 264.0911334110415, 319.66823446331284, 364.3830947639293]","[4.1811314, 4.1765246, 4.173768, 4.1714454, 4.1696339, 4.1682954, 4.1671143, 4.1660905, 4.1653423, 4.1644759, 4.1639247, 4.1633735, 4.1627436, 4.162271]",3153.402675848116,3.6,3.7
32,0.5,1,25,"[0.0, 24.48204600778996, 60.48435029790886, 96.89544106596298, 133.91405083610124, 172.33278638610813, 214.44323903729395, 262.73818141708233, 318.480181942741, 364.3820873878985]","[4.18121, 4.1765637, 4.173650299999999, 4.1714058, 4.1696734, 4.1681771, 4.1671929, 4.166169200000001, 4.165185, 4.1645546, 4.1638064, 4.1632552, 4.162704, 4.162271]",3151.100866562635,3.6,3.7
33,0.5,1,25,"[0.0, 23.792987125149182, 59.53550024512299, 95.91210544055394, 132.4663818178057, 171.24539617863508, 213.4328812469841, 261.4735047337661, 317.5819851983542, 364.3790721112061]","[4.1809735, 4.1764851, 4.1736107, 4.1713271, 4.1696339, 4.1682167, 4.1670351000000005, 4.1660509, 4.165185, 4.1643186000000005, 4.1637278, 4.1631765, 4.162704, 4.162231899999999]",3148.916042522785,3.6,3.7
34,0.5,1,25,"[0.0, 22.343858894286598, 57.44135701786473, 94.06849886616283, 130.71810000914434, 169.48218866027105, 211.32365945797847, 259.6695724636271, 314.4666222720814, 364.38651386393224]","[4.1809735, 4.1764455, 4.173532, 4.1713271, 4.1696734, 4.1681771, 4.1670351000000005, 4.1660509, 4.165185, 4.1644368, 4.1637278, 4.1631765, 4.1625862, 4.162152799999999]",3146.788443887805,3.6,3.7
35,0.5,1,25,"[0.0, 33.633075603534735, 68.99602869887286, 105.52095188868071, 142.37886877799002, 180.8657348448906, 222.649008160263, 270.39175498672495, 326.1841608374396, 378.97037331386986]","[4.1810918, 4.176406399999999, 4.1736107, 4.1714454, 4.1696734, 4.1682167, 4.1669173, 4.1660509, 4.165263700000001, 4.1644759, 4.1638064, 4.1631765, 4.162704, 4.162192299999999]",3144.8626203856074,3.6,3.7
36,0.5,1,25,"[0.0, 22.2271393468082, 57.916579267460065, 94.01100434481634, 130.98373996281236, 169.25757692564878, 211.0874636654912, 258.51048416438664, 314.6103172600299, 364.39354354912666]","[4.181052200000001, 4.1766033, 4.173650299999999, 4.1714058, 4.1696734, 4.1681771, 4.1671143, 4.1660118, 4.165066700000001, 4.1644368, 4.163846, 4.1632552, 4.1625862, 4.162192299999999]",3142.990550913495,3.6,3.7
37,0.5,1,25,"[0.0, 20.985022710978285, 56.554034423192036, 92.82576522048845, 129.66686932774775, 167.9321959537047, 209.67861100194415, 257.21632023506976, 312.2339747531793, 364.38770212510855]","[4.1809735, 4.1766424, 4.1735716, 4.1713667, 4.1696734, 4.1680984, 4.1670351000000005, 4.1660905, 4.1652241000000005, 4.1642790000000005, 4.1638064, 4.163137399999999, 4.1625862, 4.1620741]",3141.192804204912,3.6,3.7
38,0.5,1,25,"[0.0, 21.03942580578172, 56.506220111273194, 92.43656036272438, 129.41733526560944, 167.71191883427406, 209.10231263614372, 257.0678029955997, 311.83890721478525, 364.3836709098984]","[4.1810918, 4.1766424, 4.1734924, 4.1713667, 4.1695552000000005, 4.168138, 4.1670351000000005, 4.1660118, 4.1651454, 4.1643972, 4.1637673, 4.1632552, 4.1625466, 4.162192299999999]",3139.0085853883197,3.6,3.7
39,0.5,1,25,"[0.0, 30.1320731544821, 65.82169484614417, 101.7820775448771, 138.63879784842322, 176.82537931421177, 218.00985681133398, 265.95221017854817, 321.35592283494043, 378.8092027169462]","[4.1809344, 4.176366799999999, 4.173453299999999, 4.1712484, 4.1694765, 4.168138, 4.166877700000001, 4.165972200000001, 4.1651058, 4.1643186000000005, 4.16361, 4.1632161, 4.1625466, 4.161956299999999]",3136.856091081814,3.6,3.7
40,0.5,1,25,"[0.0, 31.607611644330746, 67.13434312467604, 103.10608255727692, 139.700641348023, 177.97369822260072, 219.5349179702386, 267.35149483174376, 321.5538005726042, 378.97244039645744]","[4.1810131, 4.1765246, 4.1734924, 4.1711698, 4.1695552000000005, 4.1681771, 4.166877700000001, 4.165854, 4.164988, 4.1642790000000005, 4.1636491, 4.1630979, 4.1625466, 4.162035]",3135.199100247533,3.6,3.7
41,0.5,1,25,"[0.0, 30.37224944327096, 65.7876825951617, 102.19680049279543, 138.59303459653017, 176.78908908672213, 218.01552667258318, 265.83707277930387, 319.77064921699093, 364.3967638673232]","[4.1808949, 4.176366799999999, 4.173453299999999, 4.1712484, 4.1695552000000005, 4.1681771, 4.1668386, 4.165932700000001, 4.165066700000001, 4.164358099999999, 4.163688700000001, 4.1630588, 4.1625862, 4.1620741]",3133.632749434273,3.6,3.7
42,0.5,1,25,"[0.0, 30.02223622492943, 64.88068483251703, 101.19492775913284, 137.8010017663696, 176.19423946665154, 217.1904052624875, 264.5023084494263, 319.3082499003293, 364.18230180535204]","[4.1809735, 4.1762881, 4.173532, 4.1712484, 4.1695161, 4.1680589, 4.1667991, 4.165932700000001, 4.165066700000001, 4.1642399, 4.1636491, 4.1630588, 4.1623893, 4.1619954]",3131.5656255018457,3.6,3.7
43,0.5,1,25,"[0.0, 28.71088830018141, 64.53120176635582, 100.3087599451178, 137.2931241735779, 175.21559750130336, 216.57459645907852, 263.44351243505355, 318.7518098514081, 364.3268859927027]","[4.1809344, 4.1764455, 4.1734138, 4.1712484, 4.1696339, 4.1680589, 4.166877700000001, 4.1658936, 4.165066700000001, 4.1642399, 4.1636491, 4.1630588, 4.162468, 4.162035]",3129.753635685084,3.6,3.7
44,0.5,1,25,"[0.0, 30.113444736632175, 65.71760319906014, 101.66649414574368, 137.8792464769113, 176.2245857376069, 217.4237335365405, 264.25193703152917, 319.0830953380742, 364.3790876537409]","[4.1809735, 4.1764851, 4.173532, 4.1712089, 4.1695161, 4.168138, 4.1669564, 4.1657362, 4.1651454, 4.1642790000000005, 4.1636491, 4.1629796, 4.162468, 4.1620741]",3127.969342397869,3.6,3.7
45,0.5,1,25,"[0.0, 25.02286330201656, 60.31618067069138, 96.0977756378835, 132.53084658726402, 170.50035161062772, 212.01171603670855, 258.53168811574926, 313.4041526461357, 364.3656178160944]","[4.1808949, 4.176406399999999, 4.173453299999999, 4.1710515, 4.1693978, 4.167980200000001, 4.1667991, 4.165854, 4.1649094, 4.1642790000000005, 4.16361, 4.1629796, 4.162468, 4.1618381]",3126.062585124783,3.6,3.7
46,0.5,1,25,"[0.0, 25.23868398314562, 60.25849620542397, 96.00172647978019, 132.25275412387487, 170.45965046038475, 211.53459624948175, 258.4879180650962, 312.9889699966719, 364.3658684468587]","[4.1809344, 4.1762881, 4.1733747, 4.1713271, 4.1694369, 4.167980200000001, 4.1668386, 4.1658149, 4.1650271, 4.164358099999999, 4.1635704, 4.1629796, 4.1624284, 4.1619954]",3124.4259793259,3.6,3.7
47,0.5,1,25,"[0.0, 26.370330772636237, 61.45778033469185, 97.44402142108095, 133.70791886284752, 171.87893001643187, 212.7965463284359, 259.61861800095227, 314.0119527723721, 364.36568925591365]","[4.1808949, 4.1763277, 4.1733351, 4.1711698, 4.1694369, 4.167980200000001, 4.1668386, 4.1656966, 4.1648698, 4.1642399, 4.1636491, 4.1629796, 4.1623893, 4.1618772]",3122.681681267497,3.6,3.7
48,0.5,1,25,"[0.0, 29.607925602990747, 64.54957248025028, 100.54940289921456, 137.00519941298734, 174.85072802860458, 215.78617852924987, 262.9294861529026, 316.97050864380725, 364.233583889567]","[4.1806979, 4.1763277, 4.1732564, 4.1710119, 4.1693192, 4.1679411, 4.1667991, 4.1658149, 4.1648302, 4.1640825, 4.163412999999999, 4.1629009, 4.162271, 4.1618772]",3120.6252936737737,3.6,3.7
49,0.5,1,25,"[0.0, 25.17917286186747, 60.20095793460615, 96.13846588064365, 132.2813945901638, 170.26283409463304, 211.4629300300545, 258.127029787217, 312.266478849633, 364.3550403276231]","[4.180816200000001, 4.176209399999999, 4.1734138, 4.1711698, 4.1693583, 4.1679015, 4.1668386, 4.1657362, 4.1649094, 4.1642003, 4.1634521, 4.1629405, 4.1623106, 4.1618381]",3119.0327886626505,3.6,3.7
50,0.5,1,25,"[0.0, 26.120840411093923, 61.52616548865001, 97.14355306969622, 133.4479879159848, 171.39344623792425, 212.0374934966457, 258.8668905732581, 313.3927059836605, 364.3504924957953]","[4.1808949, 4.176209399999999, 4.173296, 4.1710911, 4.1693583, 4.1679411, 4.1667991, 4.1656966, 4.164988, 4.1640825, 4.163412999999999, 4.162861799999999, 4.1624284, 4.161759399999999]",3117.292004225667,3.6,3.7
51,0.5,1,25,"[0.0, 25.111758365867388, 60.6817568618477, 96.20820259896317, 132.3229871271716, 170.6948780786455, 211.06049458175835, 257.523897626651, 312.0341619487526, 364.34052262688533]","[4.180816200000001, 4.176248999999999, 4.173296, 4.1711302, 4.1693978, 4.1679015, 4.1667991, 4.1657362, 4.1650271, 4.1642790000000005, 4.1634521, 4.162861799999999, 4.1624284, 4.1618381]",3115.617063871121,3.6,3.7
52,0.5,1,25,"[0.0, 20.94202799905969, 56.07699125852713, 91.82924874896736, 128.11880987844324, 165.85665822904173, 206.1656933936796, 252.90267494507862, 307.5803305107946, 349.76291507771816]","[4.1806979, 4.176366799999999, 4.1733351, 4.1710119, 4.1692009, 4.1678624, 4.1667991, 4.1657362, 4.1648302, 4.1640825, 4.1632948, 4.162861799999999, 4.1623106, 4.161759399999999]",3113.800038577205,3.6,3.7
53,0.5,1,25,"[0.0, 32.96012422899105, 67.89246725027391, 103.57921569287953, 140.32521276056445, 177.7699385542354, 219.02248788800478, 264.4839577712405, 318.8666213457333, 364.34003486979157]","[4.180776600000001, 4.1762881, 4.173296, 4.1710119, 4.1693583, 4.1679015, 4.1667204, 4.1656966, 4.1648302, 4.164042899999999, 4.1634521, 4.1627436, 4.1623106, 4.161759399999999]",3112.2224672319862,3.6,3.7
54,0.5,1,25,"[0.0, 22.921175301818607, 57.9319072994266, 93.68319930900134, 129.80027682152473, 167.4794000428373, 208.03335540455174, 254.77686627257782, 307.93936147984385, 364.3379863721381]","[4.180816200000001, 4.1761308, 4.1732168, 4.1708546, 4.1692009, 4.1677442000000005, 4.1667204, 4.1656179, 4.1647911, 4.1640034, 4.163412999999999, 4.162625299999999, 4.162192299999999, 4.1618772]",3110.454513549264,3.6,3.7
55,0.5,1,25,"[0.0, 21.35276983714772, 56.49822979392951, 92.4153297779107, 128.50913838951743, 166.2241163466967, 206.63530464007403, 252.84263037712861, 306.2904518455866, 349.7582492129855]","[4.1807375, 4.1761308, 4.1731777, 4.1710911, 4.1692405, 4.1678228, 4.1666021, 4.165657, 4.1648698, 4.164042899999999, 4.1633735, 4.1628222, 4.162231899999999, 4.161759399999999]",3108.944720550266,3.6,3.7
56,0.5,1,25,"[0.0, 21.02491714455573, 55.71123216953538, 91.65820318612208, 127.93988414849889, 165.45200496912082, 205.86394585563437, 251.99677234837327, 305.13953668339855, 349.7604673240828]","[4.1805801, 4.1760912, 4.1731777, 4.1709332, 4.1692796, 4.1677046, 4.1664448, 4.1656179, 4.1647124, 4.1639247, 4.1631765, 4.162664899999999, 4.162152799999999, 4.1616411]",3107.1443401085103,3.6,3.7
57,0.5,1,25,"[0.0, 19.94833346682418, 54.69254081037133, 90.10287204726524, 126.65992588201038, 164.26170997159875, 205.0705596020024, 250.6389823717418, 303.95309595106835, 349.76402169894743]","[4.1805801, 4.176248999999999, 4.1731381, 4.1710119, 4.1692009, 4.1677442000000005, 4.1667595, 4.1656966, 4.1648302, 4.1640825, 4.1633344, 4.1627436, 4.162231899999999, 4.161759399999999]",3105.811048345945,3.6,3.7
58,0.5,1,25,"[0.0, 32.335761984864405, 67.05389947578794, 102.88351598356513, 139.0467066927402, 176.2194197299038, 216.79047559453358, 262.8624550899173, 316.35516885711746, 364.1618786821153]","[4.1807375, 4.1761308, 4.1732168, 4.1709728, 4.1691613, 4.1677833, 4.1666021, 4.165657, 4.164594200000001, 4.1639643, 4.1632948, 4.162664899999999, 4.162192299999999, 4.1616411]",3104.142551734214,3.6,3.7
59,0.5,1,25,"[0.0, 31.834715399736183, 66.71108984019259, 102.02343498151271, 138.40976318107676, 175.67802353956574, 216.33927552497687, 261.7027317403416, 315.32419489575545, 364.0480096517605]","[4.1806979, 4.1761699, 4.173099, 4.1708941, 4.1691613, 4.1677442000000005, 4.166563, 4.1655784, 4.1646338, 4.1640034, 4.1633344, 4.162625299999999, 4.162192299999999, 4.161719799999999]",3102.707059632974,3.6,3.7
60,0.5,1,25,"[0.0, 29.868285379777944, 64.460209413055, 100.4014290825927, 136.69915252321294, 173.3300532950156, 213.86836106590596, 259.87103653275466, 313.0682749392126, 364.33301010220003]","[4.180619200000001, 4.1761699, 4.1731381, 4.170815, 4.1690826, 4.1677046, 4.1664839, 4.1654606, 4.1646338, 4.1639247, 4.1632161, 4.162664899999999, 4.1620741, 4.161562399999999]",3100.979951202119,3.6,3.7
61,0.5,1,25,"[0.0, 29.512427046978473, 64.47808443221925, 100.0537675609624, 136.08094828957582, 173.85175607282844, 214.22161463278172, 259.480931657487, 312.39094697722163, 364.33296402547177]","[4.1806588, 4.1760521, 4.1732168, 4.1707759, 4.1692009, 4.1677442000000005, 4.1666021, 4.1656179, 4.1646729, 4.1640034, 4.1632552, 4.162625299999999, 4.162231899999999, 4.1616411]",3099.399172320556,3.6,3.7
62,0.5,1,25,"[0.0, 29.260710922575356, 64.13641854367341, 99.77632034843953, 135.64382130514736, 172.8027106058242, 213.28580419866927, 258.9512909148637, 312.0963187093227, 364.0225232066518]","[4.1807375, 4.176209399999999, 4.1731777, 4.1710515, 4.1692009, 4.1677442000000005, 4.1666021, 4.1656179, 4.1646729, 4.1640034, 4.1633735, 4.1628222, 4.1623106, 4.1618381]",3098.140440198702,3.6,3.7
63,0.5,1,25,"[0.0, 28.36342050552844, 63.11964477501385, 98.74641387086723, 134.93198876841245, 172.00491845258648, 212.11972748658252, 257.8783513920914, 311.0811144905101, 364.3424545640056]","[4.180776600000001, 4.1760521, 4.1733351, 4.1710119, 4.1692405, 4.1677833, 4.1666417, 4.165657, 4.1648302, 4.164042899999999, 4.1632948, 4.162704, 4.162231899999999, 4.1618381]",3096.689081622857,3.6,3.7
64,0.5,1,25,"[0.0, 26.34892992152743, 61.21948448651784, 96.88936012919982, 132.37699615888295, 170.450278320505, 210.71557183798012, 255.95337747393688, 308.60034682202723, 364.1734820700413]","[4.180776600000001, 4.1762881, 4.173296, 4.1710119, 4.1693192, 4.1678624, 4.1666808, 4.1658149, 4.1647515, 4.1640825, 4.1634521, 4.162861799999999, 4.162271, 4.161759399999999]",3095.420125645209,3.6,3.7
65,0.5,1,25,"[0.0, 23.055400247015314, 57.98161403658031, 93.51796882677695, 129.5085409823709, 166.68377783253976, 206.79660870006563, 252.53848745730812, 305.295314335972, 349.76305762451165]","[4.180776600000001, 4.1760521, 4.1731777, 4.1708546, 4.1691222, 4.1676655, 4.1665235, 4.1655393, 4.1646338, 4.163846, 4.1632552, 4.162625299999999, 4.162192299999999, 4.1616411]",3093.680629885796,3.6,3.7
66,0.5,1,25,"[0.0, 22.328959354028257, 57.03719496951311, 92.26686882527127, 128.53946742009543, 165.77859105353173, 205.8341391164979, 251.0281347819148, 303.59315000839445, 349.83031396864146]","[4.1806588, 4.1761308, 4.1730204, 4.1708546, 4.1691613, 4.1677442000000005, 4.1665235, 4.165499700000001, 4.164594200000001, 4.1639643, 4.1632552, 4.1625862, 4.1621137, 4.161719799999999]",3092.334961733941,3.6,3.7
67,0.5,1,25,"[0.0, 20.932072871468165, 55.2467564843501, 90.71701626214497, 126.95067771699416, 164.41382886020403, 204.1901797594984, 249.02977052366555, 302.00649945928217, 349.8208315032957]","[4.1807375, 4.1761699, 4.1730595, 4.1709728, 4.1692009, 4.1677046, 4.1665235, 4.1656179, 4.1647124, 4.1639247, 4.1632948, 4.162625299999999, 4.162152799999999, 4.1616807]",3090.99023048774,3.6,3.7
68,0.5,1,25,"[0.0, 32.73660271794739, 67.17149022291227, 102.68160707764821, 138.97933460360923, 176.07855567638933, 216.13419410241397, 260.9165829427262, 313.707267340586, 364.3018214449055]","[4.1807375, 4.176248999999999, 4.1732564, 4.1710515, 4.1693192, 4.1678624, 4.1666417, 4.1657362, 4.1647911, 4.1640825, 4.163412999999999, 4.162861799999999, 4.162231899999999, 4.1617985]",3089.971866174315,3.6,3.7
69,0.5,1,25,"[0.0, 24.107766384817296, 58.40968304879675, 94.37443462219142, 129.86824909237612, 167.4626869012069, 207.25566756028581, 252.685091074821, 305.2622459005146, 349.34934414286295]","[4.180776600000001, 4.176209399999999, 4.1733351, 4.170815, 4.1692405, 4.1677833, 4.166563, 4.1656179, 4.1646729, 4.1640034, 4.1632948, 4.162861799999999, 4.162231899999999, 4.1616807]",3088.5894520902507,3.6,3.7
70,0.5,1,25,"[0.0, 22.332700259932892, 56.9431403466653, 92.1534559193206, 128.01693657138696, 165.1807655559711, 205.1249248215421, 250.10764471381162, 302.8120349103443, 349.8929867544217]","[4.180619200000001, 4.1760912, 4.1730204, 4.1708546, 4.1690435, 4.1677442000000005, 4.1663661, 4.1655393, 4.1646729, 4.1638064, 4.1633344, 4.1625862, 4.162271, 4.1616015]",3087.0291814725765,3.6,3.7
71,0.5,1,25,"[0.0, 21.08732425420783, 55.78577892942883, 91.16952007727394, 127.02948185017999, 164.51891303105322, 204.22836086699215, 248.9189673167433, 301.3305917152255, 349.74480574591746]","[4.1805801, 4.1760912, 4.1730595, 4.1709332, 4.1689253, 4.1676259, 4.166405200000001, 4.1655784, 4.164594200000001, 4.1637673, 4.1630588, 4.162507499999999, 4.1620741, 4.1615229]",3085.4835713755983,3.6,3.7
72,0.5,1,25,"[0.0, 32.39012014381086, 66.71202684271202, 102.06478488720518, 137.94922186665787, 175.13953229016698, 215.16300907183933, 259.9220584847961, 311.86242860393696, 364.4065120374211]","[4.1804619, 4.1760125, 4.1729021, 4.1707363, 4.169004, 4.1675076, 4.1662874, 4.1653814, 4.164358099999999, 4.1635704, 4.1629009, 4.162507499999999, 4.1618381, 4.161483799999999]",3084.0051587495927,3.6,3.7
73,0.5,1,25,"[0.0, 31.582627392989878, 65.9290216277023, 101.24521184048996, 137.26341886602086, 174.3036984717462, 214.6492067510543, 259.3087189618187, 311.47599717552566, 363.70871266682957]","[4.1806588, 4.176209399999999, 4.1731381, 4.1708546, 4.1690826, 4.1676655, 4.166563, 4.1655393, 4.1646729, 4.1638856, 4.1632161, 4.162625299999999, 4.1621137, 4.1616411]",3083.200093387313,3.6,3.7
74,0.5,1,25,"[0.0, 22.914902077289014, 57.22632328516033, 92.74693795951106, 128.84795283796825, 165.7979897509747, 205.88124131146606, 250.12190822141497, 302.67784343496305, 349.91371664109977]","[4.180776600000001, 4.1761308, 4.173099, 4.1710119, 4.1691613, 4.1677442000000005, 4.1664839, 4.165499700000001, 4.1646338, 4.1639643, 4.1632552, 4.162664899999999, 4.1621137, 4.161759399999999]",3082.068102069363,3.6,3.7
75,0.5,1,25,"[0.0, 20.50971048433115, 55.04968759574405, 90.36198593286616, 126.1422167807466, 163.50445103848347, 203.313144032379, 247.62743265773634, 299.9953840800183, 349.8435339065892]","[4.1806588, 4.1761308, 4.173296, 4.1709332, 4.1692009, 4.1678228, 4.1666021, 4.165421, 4.1647911, 4.164042899999999, 4.1632948, 4.1628222, 4.1620741, 4.161562399999999]",3080.855907938368,3.6,3.7
76,0.5,1,25,"[0.0, 19.944672248887912, 54.273095636456844, 89.79498964358862, 125.64949709079826, 162.3547473652094, 202.89054368054678, 246.72708096154668, 299.4000226718367, 349.9074352367487]","[4.1805406000000005, 4.1761699, 4.1729808, 4.1708546, 4.1692405, 4.1677046, 4.166563, 4.1655393, 4.1647124, 4.1639247, 4.163137399999999, 4.162625299999999, 4.1620741, 4.161562399999999]",3079.449443563913,3.6,3.7
77,0.5,1,25,"[0.0, 31.384920611341556, 65.89766714910382, 101.01045628624996, 137.31513780680234, 174.36887815327623, 213.71563821439236, 258.4679253260997, 310.58147354474215, 364.2881940764704]","[4.1803045, 4.1758156, 4.172744799999999, 4.1705003, 4.1687284, 4.1673503, 4.166169200000001, 4.165066700000001, 4.1641612, 4.1634521, 4.162861799999999, 4.162231899999999, 4.1616807, 4.161286799999999]",3077.383079563393,3.6,3.7
78,0.5,1,25,"[0.0, 25.72946373900504, 60.23022422209749, 95.61471999138678, 131.11185712704878, 168.1842213872959, 207.78789745462961, 252.10374579797076, 304.1782182416116, 349.7950472284616]","[4.1805406000000005, 4.1758156, 4.1728234, 4.1705394, 4.1687284, 4.167310700000001, 4.1662083, 4.1651454, 4.1642003, 4.1634917, 4.1627436, 4.162231899999999, 4.161719799999999, 4.161286799999999]",3076.052448431127,3.6,3.7
79,0.5,1,25,"[0.0, 24.29572631982421, 58.76820582813821, 93.79115978413324, 130.04461501200717, 166.91190365605553, 206.3004401369809, 250.66935798424083, 303.2575662988028, 349.76208421129036]","[4.1805010000000005, 4.175697799999999, 4.1726656, 4.1705003, 4.168807, 4.1673899, 4.166169200000001, 4.1650271, 4.1641216, 4.1634917, 4.162704, 4.1621137, 4.1616411, 4.1611295]",3074.55895135878,3.6,3.7
80,0.5,1,25,"[0.0, 22.51253011426013, 56.35951573146855, 91.44527226570193, 127.62404267029257, 164.6607454582549, 204.37399221935317, 248.4181923740145, 300.3068555439798, 349.5424573784721]","[4.1803045, 4.1758156, 4.1727839, 4.170579, 4.1686101, 4.1673503, 4.166169200000001, 4.1652241000000005, 4.1642399, 4.1634917, 4.162861799999999, 4.162231899999999, 4.161759399999999, 4.161286799999999]",3073.685848816326,3.6,3.7
81,0.5,1,25,"[0.0, 25.34387347519555, 59.680370134215536, 94.83502146104763, 130.9773723876272, 167.83031880561504, 207.2695367417437, 251.3866116741362, 303.4731418435659, 349.8000776780869]","[4.1804619, 4.1757765, 4.1728625, 4.1706185, 4.168807, 4.1673899, 4.1660905, 4.1651058, 4.1642399, 4.163412999999999, 4.1627436, 4.1623106, 4.1616807, 4.161247299999999]",3072.4210376319734,3.6,3.7
82,0.5,1,25,"[0.0, 24.513745048927603, 58.882141936742244, 93.64930369658356, 129.74708338487733, 166.74271342659358, 206.23759286302152, 250.22752291440622, 302.13816669361904, 349.75123780354807]","[4.1802649, 4.1758156, 4.1727052, 4.1705003, 4.1687284, 4.167310700000001, 4.1662083, 4.1651058, 4.1641612, 4.1634917, 4.1627831, 4.162152799999999, 4.161562399999999, 4.1611295]",3071.169851883139,3.6,3.7
83,0.5,1,25,"[0.0, 23.52781167139574, 57.75778827888388, 92.73334416776396, 128.7602554503058, 165.35899137043378, 205.0906603829116, 249.59863527005, 300.8375519801513, 349.23846008951847]","[4.1803045, 4.1758552, 4.1727052, 4.1705394, 4.1687679, 4.167310700000001, 4.166169200000001, 4.1651058, 4.1643186000000005, 4.163412999999999, 4.162704, 4.162152799999999, 4.1615229, 4.1610112]",3069.885296704101,3.6,3.7
84,0.5,1,25,"[0.0, 19.567522917536166, 54.17471941452112, 89.31468236054877, 124.79250935800616, 161.7513560190684, 201.21339455792628, 245.2684482142044, 296.94627438982667, 349.36707570739765]","[4.1803832000000005, 4.1758156, 4.1726656, 4.1705394, 4.1687284, 4.167310700000001, 4.1660509, 4.1649485, 4.1642003, 4.1634521, 4.162625299999999, 4.1619954, 4.1616807, 4.1610899]",3068.640700698649,3.6,3.7
85,0.5,1,25,"[0.0, 20.601972941575923, 55.3665225005239, 89.81512982991427, 126.08950352343317, 162.52098539967557, 202.40340821970034, 246.34062425197777, 297.8650571672936, 349.33850033915184]","[4.1802649, 4.175697799999999, 4.1726656, 4.1704607000000005, 4.1686101, 4.1671929, 4.1660509, 4.1650271, 4.1641612, 4.1633735, 4.162625299999999, 4.1621137, 4.161562399999999, 4.1611686]",3067.314924352346,3.6,3.7
86,0.5,1,25,"[0.0, 18.98172993649223, 53.206636865859764, 88.36765663768477, 124.20131110518452, 161.1972692633139, 200.44323564822338, 244.45332928211798, 296.0107859068201, 349.77734567559145]","[4.1802254, 4.1756582, 4.172547799999999, 4.1703033, 4.1686497000000005, 4.167074700000001, 4.1660118, 4.1648302, 4.164042899999999, 4.163137399999999, 4.162625299999999, 4.161956299999999, 4.1614051, 4.160893]",3065.9301322836623,3.6,3.7
87,0.5,1,25,"[0.0, 30.263563462192053, 64.42622741844667, 99.73476909873267, 135.4101588811435, 172.62441157276987, 211.5329494888357, 255.591356749208, 306.6651631731821, 349.70955766235363]","[4.1802254, 4.1756582, 4.1726265, 4.1704216, 4.1686893, 4.1671534, 4.165972200000001, 4.1648698, 4.1640825, 4.1631765, 4.1625862, 4.1618772, 4.161483799999999, 4.1609325]",3064.8343331974324,3.6,3.7
88,0.5,1,25,"[0.0, 25.896360790234496, 60.07913592356891, 95.38893712714258, 131.25695386004855, 168.00527259820996, 207.13108837178805, 251.3154380106816, 302.68248124539576, 349.42256115275114]","[4.1803436000000005, 4.1756582, 4.1726265, 4.170382, 4.1686497000000005, 4.1671929, 4.165972200000001, 4.1648698, 4.164042899999999, 4.1632948, 4.1625466, 4.161956299999999, 4.1615229, 4.1610899]",3063.920494292669,3.6,3.7
89,0.5,1,25,"[0.0, 28.73580023594195, 62.94650208924804, 98.45193909185514, 134.11352425684515, 171.045098627578, 210.28963483180587, 253.93196807012282, 305.8485791471645, 349.7149012696668]","[4.1801863, 4.1755795, 4.1726265, 4.1703429, 4.1686497000000005, 4.167074700000001, 4.165932700000001, 4.1648698, 4.1640034, 4.1632161, 4.162625299999999, 4.1619167, 4.1614442, 4.160853899999999]",3062.543823162437,3.6,3.7
90,0.5,1,25,"[0.0, 27.44441469919309, 61.712515212583014, 96.6415356404865, 132.45104105696953, 169.29401035036437, 208.37209958692233, 252.5292221127354, 303.9485629719196, 349.17509257771803]","[4.1802254, 4.1755795, 4.1726265, 4.170382, 4.168571, 4.1671534, 4.1660118, 4.1649485, 4.164042899999999, 4.1632552, 4.162704, 4.1619954, 4.1614442, 4.160893]",3061.481778765326,3.6,3.7
91,0.5,1,25,"[0.0, 27.834824136806674, 61.77299244216084, 96.94785354170898, 132.6230626381573, 169.51137033703162, 208.74815030842854, 252.75636897444883, 303.55993173503725, 349.7924647885469]","[4.1802254, 4.1756186, 4.1725082, 4.1703033, 4.1685314, 4.1669564, 4.165932700000001, 4.1648302, 4.1638856, 4.1632161, 4.162625299999999, 4.1619167, 4.1614051, 4.1609716]",3060.0559477343763,3.6,3.7
92,0.5,1,25,"[0.0, 25.345946898906107, 59.24093243918048, 94.30631454860713, 129.9161563629914, 166.83741285810004, 205.6817176065922, 249.91816944713878, 301.3002923774475, 349.3840199449328]","[4.1800289, 4.17554, 4.17239, 4.1702638, 4.1683741, 4.1670351000000005, 4.1658149, 4.1647124, 4.1637673, 4.163137399999999, 4.162507499999999, 4.1618381, 4.161247299999999, 4.1607747]",3058.613211385501,3.6,3.7
93,0.5,1,25,"[0.0, 20.023974158877706, 54.13419134819958, 89.05802109340715, 124.40719788398962, 161.68553649718888, 201.14042733089673, 244.59043164356422, 295.4972514917623, 349.34812786933026]","[4.1801863, 4.175500899999999, 4.172547799999999, 4.1702638, 4.1684527000000005, 4.166996, 4.1657753, 4.1647124, 4.163846, 4.163137399999999, 4.162468, 4.1618381, 4.1611686, 4.160696]",3057.5197526435027,3.6,3.7
94,0.5,1,25,"[0.0, 25.663137856247715, 60.0482870924659, 94.90145476436209, 130.65533712036495, 167.58107899316826, 206.6405885191408, 250.5437043251918, 301.3259220196842, 349.5984587354193]","[4.1801863, 4.175461299999999, 4.1725869, 4.1702247, 4.1684527000000005, 4.1669564, 4.1658149, 4.1648302, 4.1639247, 4.163137399999999, 4.1624284, 4.1618772, 4.1613259, 4.160853899999999]",3056.687137213405,3.6,3.7
95,0.5,1,25,"[0.0, 25.550186246163207, 59.39275986000848, 94.73318365612192, 130.30094807979157, 167.06983867582665, 206.5179019485155, 250.11778510347017, 301.03611950919924, 349.7531883296713]","[4.1801076, 4.17554, 4.1724296, 4.170146, 4.1683345, 4.166996, 4.1656966, 4.1646729, 4.1638064, 4.1630979, 4.1623893, 4.161719799999999, 4.161247299999999, 4.1607356]",3055.114811591661,3.6,3.7
96,0.5,1,25,"[0.0, 20.826545383538814, 54.97488555490929, 89.99225637027149, 125.50301360598866, 162.42726213012133, 201.49692092319344, 244.92918437326648, 296.24163916921543, 349.69412374688056]","[4.1800289, 4.1755795, 4.1724691, 4.1701064, 4.1684527000000005, 4.1669564, 4.1656966, 4.1647515, 4.1638856, 4.1631765, 4.1623497, 4.161759399999999, 4.1611686, 4.160696]",3053.969143645697,3.6,3.7
97,0.5,1,25,"[0.0, 19.616214526179988, 53.531880393045526, 88.50874309550102, 124.20410670335951, 160.9620792063078, 200.1359786377663, 243.41501575032004, 294.57805816513684, 349.79537778035484]","[4.180068, 4.175343, 4.17239, 4.170146, 4.1682954, 4.1667991, 4.1657362, 4.1646338, 4.1637278, 4.1629009, 4.1623106, 4.1616015, 4.1611295, 4.160656899999999]",3052.606229872232,3.6,3.7
98,0.5,1,25,"[0.0, 18.901236160481176, 52.55252955486293, 87.4275926555946, 123.31031126785786, 159.7062645742754, 199.46465992543875, 242.70531699282225, 293.2714310728589, 349.3490660388862]","[4.180068, 4.175461299999999, 4.17239, 4.1702638, 4.1684136, 4.166877700000001, 4.165657, 4.1646729, 4.1638064, 4.1630192, 4.162231899999999, 4.1617985, 4.1612082, 4.160814299999999]",3051.582177374675,3.6,3.7
99,0.5,1,25,"[0.0, 26.716728202990396, 60.76834537744156, 95.76914039215472, 131.59359040573474, 168.15744258760475, 207.17132816805798, 250.59371233243195, 302.0985750158347, 349.5148759226483]","[4.1799893, 4.175461299999999, 4.17239, 4.1700277, 4.1683741, 4.166877700000001, 4.1656966, 4.1646338, 4.163688700000001, 4.1629405, 4.1623106, 4.1617985, 4.161050299999999, 4.1607356]",3050.374810391303,3.6,3.7
100,0.5,1,25,"[0.0, 31.03972042483099, 64.61980408711992, 99.37816178769265, 135.37531010882702, 171.5155019468021, 211.01376142378143, 254.53594437466376, 305.55117704591004, 349.4182131075028]","[4.180068, 4.175500899999999, 4.1725082, 4.1701851, 4.1684136, 4.1668386, 4.1656966, 4.1647911, 4.1638064, 4.1630588, 4.162271, 4.1618381, 4.1611295, 4.160656899999999]",3049.32839181695,3.6,3.7
101,0.5,1,25,"[0.0, 28.435392775192042, 62.371748799532725, 97.45435133200402, 132.9858783267798, 169.9130692488169, 208.87044976293953, 252.06723007730284, 303.1149147698752, 349.4384390021428]","[4.1799893, 4.175303899999999, 4.1722722, 4.1701064, 4.1683345, 4.1669564, 4.165657, 4.1645546, 4.163688700000001, 4.1629796, 4.162231899999999, 4.1616411, 4.1610899, 4.160656899999999]",3047.993859187825,3.6,3.7
102,0.5,1,25,"[0.0, 27.408092585189934, 61.51968887214093, 96.69990718360276, 131.77702542693464, 169.04997544153122, 207.69039560442644, 250.98465188831534, 301.95579500382763, 349.6563098598228]","[4.1799893, 4.175343, 4.1723113, 4.1699491, 4.1682954, 4.1667595, 4.1655784, 4.1645546, 4.163688700000001, 4.1629405, 4.162192299999999, 4.161719799999999, 4.1611295, 4.1604991]",3046.887630190155,3.6,3.7
103,0.5,1,25,"[0.0, 26.20362063772825, 60.22201545985297, 95.27008825235566, 130.76609903113444, 167.28019974290027, 206.0872055505643, 249.67963671136357, 300.3941300141841, 349.7018322776966]","[4.1799893, 4.175343, 4.1723509, 4.1701064, 4.1682167, 4.1667204, 4.165657, 4.1645546, 4.1635704, 4.1629009, 4.162231899999999, 4.161562399999999, 4.161050299999999, 4.1605387]",3045.6869859921617,3.6,3.7
104,0.5,1,25,"[0.0, 22.173955316153524, 55.97379637803812, 90.57522084969412, 126.3848102508631, 163.19713655995838, 202.10375380529695, 245.05969421444752, 295.77521889854415, 349.42033862074095]","[4.1799893, 4.1752253, 4.1721144, 4.169988200000001, 4.1682558, 4.1667204, 4.1655784, 4.1644759, 4.1637673, 4.1629796, 4.1619954, 4.1615229, 4.1609716, 4.16046]",3044.657229025202,3.6,3.7
105,0.5,1,25,"[0.0, 24.347305528894026, 57.90556131891782, 93.0822028582682, 128.90311310240293, 165.20699495562923, 203.88362689469062, 247.17684660099525, 297.32798031408123, 349.500776411133]","[4.180068, 4.175303899999999, 4.1722326, 4.1699095, 4.1682167, 4.1667204, 4.165499700000001, 4.1643972, 4.16361, 4.1627831, 4.162035, 4.1615229, 4.1609325, 4.1604204]",3043.562892105033,3.6,3.7
106,0.5,1,25,"[0.0, 21.3494009000118, 54.667472190271326, 90.06447516988362, 125.7062841862072, 161.9736343557912, 201.09028158220747, 244.28843791682834, 294.25586765082926, 348.56292764329714]","[4.179910700000001, 4.1754222, 4.1721935, 4.1698308, 4.1680589, 4.1666021, 4.165421, 4.1643972, 4.1634917, 4.1627436, 4.1620741, 4.1613655, 4.160814299999999, 4.1604204]",3042.38908965359,3.6,3.7
107,0.5,1,25,"[0.0, 18.747556382526284, 52.48599378498517, 87.2746023392516, 122.96836780780473, 159.5257719221002, 198.18613392861204, 241.50687252132144, 291.1423319134796, 335.0017527729627]","[4.179910700000001, 4.175343, 4.1723113, 4.1699491, 4.1681771, 4.1666808, 4.1656179, 4.1643186000000005, 4.1635704, 4.1627831, 4.1621137, 4.161719799999999, 4.1609716, 4.1604991]",3041.439107314997,3.6,3.7
108,0.5,1,25,"[0.0, 32.266835559912124, 65.93794923604935, 101.21567116987308, 136.3029645859018, 172.58713553870342, 212.06411685259542, 255.0526272457742, 304.6792304640001, 349.4633438237169]","[4.179832, 4.175303899999999, 4.1721539, 4.1699491, 4.168138, 4.1666808, 4.1655393, 4.1644368, 4.1636491, 4.1627831, 4.1620741, 4.1614442, 4.1609325, 4.16046]",3040.391421463484,3.6,3.7
109,0.5,1,25,"[0.0, 31.546465503092236, 65.22736308551595, 100.2679183275178, 135.8225721348786, 172.33028217947685, 211.15243375937655, 254.34443758552015, 304.8190482688598, 349.4762280919733]","[4.179910700000001, 4.175461299999999, 4.1722722, 4.1700673, 4.168138, 4.1666021, 4.165499700000001, 4.164358099999999, 4.1634521, 4.162704, 4.162035, 4.1614051, 4.1609325, 4.1604204]",3039.048054309898,3.6,3.7
110,0.5,1,25,"[0.0, 31.062168975796567, 65.06885053793098, 99.99874177369696, 135.08500817637582, 171.60522439172206, 210.70267534285045, 253.45684599341388, 302.93311396356427, 349.66816585286466]","[4.179871100000001, 4.1754222, 4.1721935, 4.169988200000001, 4.1680984, 4.1667595, 4.1654606, 4.1644368, 4.16361, 4.162664899999999, 4.162035, 4.1614442, 4.1609325, 4.160381299999999]",3037.9737398750813,3.6,3.7
111,0.5,1,25,"[0.0, 26.68267294760409, 60.739288114033, 95.29012435219806, 130.69007902032695, 167.14168190654374, 205.76912343427983, 249.6086902535472, 298.98560419382517, 349.4852406596544]","[4.179871100000001, 4.1754222, 4.1723113, 4.1700277, 4.1680984, 4.1666021, 4.165421, 4.1643972, 4.1634917, 4.1628222, 4.162192299999999, 4.1615229, 4.160893, 4.160381299999999]",3037.079579662677,3.6,3.7
112,0.5,1,25,"[0.0, 24.245294515080104, 57.95296989532085, 92.63167705751414, 127.88073285100103, 164.65435358350305, 203.4092605985926, 245.88978283967515, 295.8951697612463, 349.16127168172216]","[4.179832, 4.175303899999999, 4.1721539, 4.169988200000001, 4.1680984, 4.1666417, 4.165421, 4.164358099999999, 4.1634917, 4.1627831, 4.1620741, 4.1614051, 4.160853899999999, 4.1605387]",3035.882360394697,3.6,3.7
113,0.5,1,25,"[0.0, 21.942100384930768, 55.71687773138791, 90.2185199406128, 125.54435657413438, 161.77510268478187, 200.56160177317844, 243.5916485957768, 293.3693419704112, 349.1243114510092]","[4.179910700000001, 4.1751857, 4.1723509, 4.1699095, 4.1680589, 4.166563, 4.1654606, 4.164358099999999, 4.163412999999999, 4.162664899999999, 4.1619167, 4.1613259, 4.160814299999999, 4.1603022]",3034.7138281217462,3.6,3.7
114,0.5,1,25,"[0.0, 21.909773228094025, 55.38664751889053, 90.29992553069593, 125.85593788512006, 161.94827292703746, 200.69601203224238, 243.53025638126974, 293.6256343095025, 349.5751721782094]","[4.179832, 4.1752253, 4.1721539, 4.1697917, 4.1679411, 4.1666808, 4.1653423, 4.164358099999999, 4.1633735, 4.1625862, 4.1618772, 4.161286799999999, 4.160853899999999, 4.1601844]",3033.513362374402,3.6,3.7
115,0.5,1,25,"[0.0, 20.900198109155667, 54.369614398039744, 89.53375593498794, 124.77780085615927, 161.08297569439242, 200.01110831008316, 242.65175534188882, 292.3671960007222, 335.0549834425184]","[4.179832, 4.1751857, 4.1720753, 4.1697125, 4.167980200000001, 4.1664839, 4.1653028, 4.164358099999999, 4.163412999999999, 4.1625466, 4.1617985, 4.1611686, 4.1607356, 4.1602631]",3032.2710277619112,3.6,3.7
116,0.5,1,25,"[0.0, 30.98854490110068, 64.36257408355124, 99.1756087876924, 134.4634590743475, 170.66603344104084, 209.58682813755462, 252.1667861902933, 302.0062092379447, 349.3703718931749]","[4.179832, 4.1751466, 4.1721144, 4.1698704, 4.1679411, 4.1665235, 4.1652241000000005, 4.1642790000000005, 4.1632948, 4.162625299999999, 4.1618772, 4.1611686, 4.1606174, 4.1601844]",3031.234096401098,3.6,3.7
117,0.5,1,25,"[0.0, 29.713070642924322, 63.01385870982642, 98.0416313677456, 133.37861490379947, 169.66121571308435, 208.32982769260315, 250.8599970137255, 300.5156402849562, 349.6303086316597]","[4.179674100000001, 4.175107, 4.1721144, 4.1697521, 4.1679411, 4.1664448, 4.1653028, 4.1642003, 4.1632948, 4.162625299999999, 4.161759399999999, 4.1611295, 4.1607747, 4.1602235]",3030.125658078206,3.6,3.7
118,0.5,1,25,"[0.0, 26.37990639065913, 59.51308024311635, 93.95542091267686, 129.54046364368236, 166.03783794850267, 204.26881617244442, 247.078898395779, 296.25802679861965, 348.6061546944851]","[4.1797533, 4.175107, 4.1720357, 4.1697125, 4.1679411, 4.166405200000001, 4.1651454, 4.1641612, 4.1632948, 4.162507499999999, 4.1617985, 4.1611295, 4.160656899999999, 4.1602235]",3028.9329616206896,3.6,3.7
119,0.5,1,25,"[0.0, 28.481829148755423, 62.38887806769725, 97.06172577240591, 132.70029041948493, 168.46899458247515, 206.98321412110988, 249.8773357300206, 299.2344960624097, 349.10767012146005]","[4.179871100000001, 4.175107, 4.1721539, 4.1697521, 4.167980200000001, 4.1663265, 4.165185, 4.1640825, 4.1631765, 4.1625862, 4.1617985, 4.1611295, 4.1606174, 4.1600266]",3027.940763998073,3.6,3.7
120,0.5,1,25,"[0.0, 26.23830652558854, 59.8370714418279, 94.90022210576825, 129.91483121183813, 166.4863808407262, 205.04110462812474, 247.1984539875295, 297.28214617595125, 349.36854263475203]","[4.1797533, 4.175107, 4.1719966, 4.1696734, 4.1678228, 4.1664448, 4.165263700000001, 4.1641612, 4.163137399999999, 4.1624284, 4.1616807, 4.1611295, 4.160656899999999, 4.1599874]",3026.945560404732,3.6,3.7
121,0.5,1,25,"[0.0, 25.58123139702292, 58.684322570240795, 93.33321737308745, 128.4091897331935, 164.6545935609126, 203.6209597052727, 245.80361651050208, 295.37748688999653, 348.9626345623779]","[4.179713700000001, 4.175107, 4.171957, 4.1695552000000005, 4.1677833, 4.1663265, 4.165066700000001, 4.1640034, 4.163137399999999, 4.1624284, 4.1616015, 4.161050299999999, 4.1604991, 4.159908799999999]",3025.654952377387,3.6,3.7
122,0.5,1,25,"[0.0, 23.733565691872286, 57.172772810268725, 91.96695877225716, 127.10474695679801, 163.39983924585675, 202.01877057784571, 244.57103998329222, 293.4610449187424, 334.9248407906767]","[4.1797533, 4.175028299999999, 4.1718388, 4.1695161, 4.1678228, 4.1663265, 4.1650271, 4.1639643, 4.1632552, 4.1623106, 4.1616411, 4.1609325, 4.1604204, 4.1599479]",3024.451475469834,3.6,3.7
123,0.5,1,25,"[0.0, 25.51636581225938, 58.53105274844313, 92.93213584847922, 128.18926701567517, 164.41554996092998, 202.70441692006148, 245.50619068608648, 294.5482518241869, 349.1570587445068]","[4.1797533, 4.174871, 4.1718783, 4.1695552000000005, 4.1677046, 4.1662874, 4.1649485, 4.1640034, 4.1630588, 4.162152799999999, 4.161562399999999, 4.1609716, 4.1603022, 4.1598301]",3023.139872874216,3.6,3.7
124,0.5,1,25,"[0.0, 20.442840051739722, 53.601601003296764, 88.68578701455499, 123.5564007690316, 160.0376471108964, 197.99513081879513, 240.38347350778565, 289.3432831503353, 334.46087244818807]","[4.179635, 4.1750674, 4.1718783, 4.1695161, 4.1676655, 4.166169200000001, 4.165066700000001, 4.1639247, 4.1630588, 4.162231899999999, 4.161483799999999, 4.160893, 4.1604204, 4.1598692]",3022.0218244497355,3.6,3.7
125,0.5,1,25,"[0.0, 30.297805854415174, 63.64281339152677, 98.10651047504541, 133.24650391343584, 169.60891216499408, 208.18266075263034, 250.1422739797531, 299.2978529151826, 349.2748756812881]","[4.1797924, 4.1749101, 4.171957, 4.1697521, 4.1677442000000005, 4.1662478, 4.1651058, 4.1640825, 4.1632161, 4.1623106, 4.1616411, 4.1610112, 4.1604204, 4.1599479]",3021.156223931613,3.6,3.7
126,0.5,1,25,"[0.0, 31.58246667488362, 64.49468132832658, 99.30355079075298, 134.4267020250261, 170.4365041032754, 208.68509554426248, 251.20496346665425, 300.0732376555186, 348.73065536024285]","[4.179635, 4.1750674, 4.1719179, 4.1695552000000005, 4.1677442000000005, 4.166169200000001, 4.165185, 4.1640034, 4.163137399999999, 4.1623106, 4.1616015, 4.1610112, 4.160381299999999, 4.1598301]",3019.948066558564,3.6,3.7
127,0.5,1,25,"[0.0, 29.69391579229506, 62.93105366413414, 97.57148185754966, 132.7969959170415, 168.89111017031553, 207.39876293403427, 249.59616928231833, 298.4787004571233, 349.3375173339847]","[4.1795564, 4.174871, 4.171957, 4.1695948, 4.1677442000000005, 4.1661296000000005, 4.164988, 4.163846, 4.1630588, 4.162152799999999, 4.1613655, 4.160853899999999, 4.1602235, 4.1597509]",3018.578009468589,3.6,3.7
128,0.5,1,25,"[0.0, 24.183662903259915, 57.274775189874845, 91.7984328034068, 126.76926047620441, 163.27110124835457, 201.4809089252015, 243.63248004112114, 292.45663753728473, 334.7881569696045]","[4.1795955000000005, 4.175107, 4.1718783, 4.1695552000000005, 4.1679015, 4.1662478, 4.1648698, 4.163846, 4.1630588, 4.162192299999999, 4.1614051, 4.1609325, 4.1602235, 4.1597905]",3017.5834163129325,3.6,3.7
129,0.5,1,25,"[0.0, 22.429052612352223, 55.750332940108535, 90.04604527230867, 125.22894306791557, 161.30549827515773, 199.36534803836793, 241.70847633181262, 290.6220517560511, 335.03561274882014]","[4.179674100000001, 4.1749887, 4.1718783, 4.1695948, 4.1678228, 4.1663265, 4.165066700000001, 4.1638856, 4.1632161, 4.162271, 4.1616807, 4.160853899999999, 4.160381299999999, 4.1597509]",3016.764693018799,3.6,3.7
130,0.5,1,25,"[0.0, 22.333984709081903, 55.48783804448976, 90.38540658089983, 125.30984227433413, 161.31804694554802, 199.8783233243508, 241.6269742607132, 290.66249814012843, 334.52841669677724]","[4.1797533, 4.1749887, 4.1719179, 4.1697917, 4.1677833, 4.1662478, 4.165066700000001, 4.1639643, 4.1630588, 4.162231899999999, 4.1616015, 4.160853899999999, 4.1603022, 4.1598692]",3015.621400521511,3.6,3.7
131,0.5,1,25,"[0.0, 19.881043465782454, 53.023074618399335, 87.5389517337776, 122.73784565441008, 158.63871962254666, 197.28026846636556, 238.9987710508508, 287.26144918709974, 334.89683795206713]","[4.1797533, 4.1749887, 4.1718388, 4.1695552000000005, 4.1677442000000005, 4.1662083, 4.1649485, 4.1639247, 4.1630588, 4.162152799999999, 4.161562399999999, 4.1607356, 4.1602235, 4.159711799999999]",3014.325407973359,3.6,3.7
132,0.5,1,25,"[0.0, 32.10465603043235, 64.88106058115233, 99.44864428685395, 134.2518639949276, 170.5325997892246, 208.48725851127347, 250.77994557766613, 299.2511951670459, 348.53123500054244]","[4.1795955000000005, 4.1748314, 4.1717997, 4.1694765, 4.1676259, 4.1661296000000005, 4.1649094, 4.1638064, 4.1627831, 4.161956299999999, 4.1614442, 4.1606174, 4.160144799999999, 4.1596332]",3012.921471566436,3.6,3.7
133,0.5,1,25,"[0.0, 30.251252149629693, 63.314203517134445, 97.7457027715023, 132.47371944723443, 169.12706844211067, 207.54309098571758, 248.93691893830277, 297.8128985042047, 348.95858111802835]","[4.179635, 4.1749887, 4.1717997, 4.1694765, 4.1676259, 4.1662478, 4.1649485, 4.163846, 4.1630588, 4.162152799999999, 4.1614442, 4.160696, 4.1600661, 4.1596332]",3012.016425695531,3.6,3.7
134,0.5,1,25,"[0.0, 27.498417951425495, 60.79764258276737, 95.17466003544064, 130.0649344954183, 165.85437054277224, 204.31804178357743, 245.79298815798631, 295.1830031417187, 349.5062344282362]","[4.179635, 4.175028299999999, 4.1718783, 4.1694765, 4.1675472000000005, 4.1662478, 4.1650271, 4.1639643, 4.1629405, 4.1621137, 4.1614051, 4.1607747, 4.1601844, 4.1595936]",3010.9392615397114,3.6,3.7
135,0.5,1,25,"[0.0, 26.939856052649077, 60.32067081564003, 94.71471738581693, 129.85572168583985, 165.77944397766527, 203.97236781095108, 245.79704689437307, 294.18582332227237, 349.1730310647243]","[4.1795955000000005, 4.1749496, 4.171721, 4.1693978, 4.1677046, 4.1661296000000005, 4.1649485, 4.1638064, 4.1628222, 4.1620741, 4.161286799999999, 4.160696, 4.1601844, 4.1596332]",3009.656187037894,3.6,3.7
136,0.5,1,25,"[0.0, 22.507969894945745, 55.7670959739246, 89.83519345463748, 125.04102300010749, 160.64303449143773, 199.10729297718984, 240.81743353215398, 289.07871404537326, 334.7850549690077]","[4.1795955000000005, 4.174871, 4.1717997, 4.1695948, 4.1677046, 4.1662083, 4.1651058, 4.1639247, 4.1629405, 4.1619954, 4.1615229, 4.160696, 4.160144799999999, 4.1596723]",3008.410741587458,3.6,3.7
137,0.5,1,25,"[0.0, 22.765454126551674, 55.39464365274944, 89.92953844576095, 125.10281407017231, 161.14392757351231, 199.24640352142342, 240.86288274942922, 289.64168269095865, 334.269088017307]","[4.179635, 4.1749496, 4.1717601, 4.1695161, 4.1677046, 4.1661296000000005, 4.1648698, 4.1638856, 4.1628222, 4.1620741, 4.161286799999999, 4.160656899999999, 4.1601844, 4.1594362]",3007.2530206344927,3.6,3.7
138,0.5,1,25,"[0.0, 29.992213114147603, 63.38157419636923, 97.85005676910953, 132.50503840847182, 168.5686187818959, 206.87112723989833, 248.16599379669515, 296.57966382793813, 349.0445986955432]","[4.1795955000000005, 4.1749101, 4.1717997, 4.1693978, 4.1676655, 4.1661296000000005, 4.1648698, 4.1637278, 4.1629009, 4.162192299999999, 4.1613259, 4.160696, 4.1600266, 4.1595149]",3006.0911550217,3.6,3.7
139,0.5,1,25,"[0.0, 18.75188145171927, 51.97640628610634, 86.01217569552449, 120.85630366768874, 156.77018843512639, 195.02848157791374, 236.6121951808811, 285.12732870861765, 334.74909961147733]","[4.1795168, 4.1747918, 4.1716814, 4.1693583, 4.1673899, 4.165972200000001, 4.1646729, 4.1635704, 4.162704, 4.1618772, 4.1611295, 4.1605387, 4.159908799999999, 4.159318]",3004.7114628427503,3.6,3.7
140,0.5,1,25,"[0.0, 27.636921996368017, 60.78521462309959, 94.96545767293838, 130.28283047956722, 166.23433273241636, 203.9165410636577, 245.59862868656802, 294.236956673016, 334.41302515007845]","[4.1795564, 4.1747527, 4.1716027, 4.1693192, 4.1675472000000005, 4.1660118, 4.1647515, 4.1637673, 4.1628222, 4.1619167, 4.1613259, 4.16046, 4.1600266, 4.1595936]",3004.071337291535,3.6,3.7
141,0.5,1,25,"[0.0, 29.745335672176566, 63.11921558852873, 97.40228886078313, 131.7488700333269, 168.06933239747474, 205.53127436358142, 247.41824578017935, 295.7863958935532, 348.6248574364558]","[4.1795168, 4.1747131, 4.1717601, 4.1694369, 4.1677046, 4.166169200000001, 4.1647911, 4.1636491, 4.162625299999999, 4.162035, 4.1611295, 4.1605387, 4.1600266, 4.1593575]",3002.753770921356,3.6,3.7
142,0.5,1,25,"[0.0, 27.739056743510844, 60.77899424228275, 95.24651557258846, 129.74626534027612, 165.90442903506863, 204.1216318060728, 245.33230401625855, 293.0480319233579, 334.4878569114175]","[4.1795564, 4.1748314, 4.1717997, 4.1694765, 4.1676259, 4.1660509, 4.1649485, 4.1637278, 4.1628222, 4.162152799999999, 4.161286799999999, 4.160696, 4.1601057, 4.1596332]",3001.664373954673,3.6,3.7
143,0.5,1,25,"[0.0, 26.50717449173868, 59.720474222205326, 94.12085136400435, 128.86730798848924, 164.53261850207724, 202.5126471210836, 244.2033427076155, 292.1912442243052, 334.41780991712807]","[4.1795564, 4.1749496, 4.171642299999999, 4.1693978, 4.1677046, 4.1662478, 4.1648302, 4.1637278, 4.1628222, 4.1618772, 4.161247299999999, 4.160656899999999, 4.1600266, 4.1594753]",3000.3291607028523,3.6,3.7
144,0.5,1,25,"[0.0, 22.539104427534653, 55.51548013266205, 89.89735666270388, 124.39963051074119, 160.24034741705225, 198.3503560935427, 239.73667090394542, 287.1810647672876, 334.5534847548421]","[4.1793985000000005, 4.1748314, 4.1717997, 4.1693978, 4.1677046, 4.1661296000000005, 4.1648302, 4.1637673, 4.1627831, 4.162035, 4.161286799999999, 4.1606174, 4.1600661, 4.1594753]",2999.095672186548,3.6,3.7
145,0.5,1,25,"[0.0, 21.236252239194073, 53.809873464627, 88.24038506179483, 122.91117117209876, 158.79676875675278, 196.85426166767837, 237.9675991417501, 285.48709676480945, 334.77425901367207]","[4.1795168, 4.1747918, 4.171721, 4.1695161, 4.1674685, 4.165972200000001, 4.164988, 4.1637278, 4.162664899999999, 4.161956299999999, 4.161247299999999, 4.160578299999999, 4.1598301, 4.1594753]",2997.7656271888563,3.6,3.7
146,0.5,1,25,"[0.0, 22.24784487537096, 55.231064228701655, 89.42563574996109, 124.27330279885695, 159.43370072367634, 197.5409870475508, 238.87586193384806, 286.8369455962682, 334.62838733357745]","[4.1793985000000005, 4.1747918, 4.1716027, 4.1693583, 4.167429, 4.165932700000001, 4.1646338, 4.163688700000001, 4.162704, 4.1619167, 4.1612082, 4.1605387, 4.159908799999999, 4.1593575]",2996.346619234212,3.6,3.7
147,0.5,1,25,"[0.0, 20.570466018028583, 53.29562341975287, 86.79807874629114, 122.56709428466286, 158.05626689640036, 195.75050788513522, 236.90523399518406, 284.84218266868254, 334.17148568271216]","[4.1793594, 4.1747527, 4.1716814, 4.1693978, 4.1674685, 4.165972200000001, 4.1648302, 4.1636491, 4.162704, 4.1618772, 4.1611686, 4.1604204, 4.1599479, 4.159318]",2995.08742676826,3.6,3.7
148,0.5,1,25,"[0.0, 18.246354369207893, 51.16091353734066, 85.20498156293888, 119.97487639148159, 155.58962219576796, 193.54607651518745, 234.75883357499276, 281.8125629869388, 334.7863402801514]","[4.1793594, 4.1746345, 4.1716027, 4.1693192, 4.167429, 4.165932700000001, 4.1646338, 4.163530799999999, 4.162704, 4.161956299999999, 4.161050299999999, 4.16046, 4.1598692, 4.1593966]",2993.663193146296,3.6,3.7
149,0.5,1,25,"[0.0, 17.953530558238526, 50.64376550871134, 84.91715694101214, 119.12693569133887, 155.20758266674778, 192.56876862817018, 233.88625120048863, 281.4086500212664, 334.500273904419]","[4.1794777000000005, 4.1747131, 4.1716027, 4.1693978, 4.1675472000000005, 4.165972200000001, 4.1648302, 4.163688700000001, 4.1627436, 4.1618381, 4.1611686, 4.1604204, 4.1599479, 4.1595149]",2992.365204806722,3.6,3.7
150,0.5,1,25,"[0.0, 27.514356429181476, 59.81970026913609, 94.23595908344544, 128.62189158726227, 164.34501668347383, 202.09385489678357, 243.3847348795191, 290.46309323576713, 333.9688369190807]","[4.1793594, 4.1747131, 4.171642299999999, 4.1692405, 4.1674685, 4.1660118, 4.1646729, 4.1636491, 4.1627831, 4.1618772, 4.1612082, 4.1605387, 4.159908799999999, 4.159318]",2990.940967283806,3.6,3.7
151,0.5,1,25,"[0.0, 30.050247946366426, 62.50733900139437, 96.46190980569634, 131.3703097811843, 166.84546303358115, 204.15695887717266, 245.54547192625057, 293.02012718383844, 333.93437777960867]","[4.179241200000001, 4.1747527, 4.1715631, 4.1693192, 4.1674685, 4.165972200000001, 4.1646729, 4.163530799999999, 4.162664899999999, 4.1618772, 4.161050299999999, 4.160578299999999, 4.1599479, 4.1592789]",2989.495276037464,3.6,3.7
152,0.5,1,25,"[0.0, 28.158466009822746, 60.97446972286343, 94.49146632785767, 129.29486534072515, 164.72316931554946, 202.18263635080933, 243.69609016995304, 290.86277388586296, 334.1804425431994]","[4.1793594, 4.1746345, 4.1715631, 4.1692009, 4.1673899, 4.1658149, 4.1646729, 4.163530799999999, 4.162625299999999, 4.161759399999999, 4.1610112, 4.1604991, 4.1598301, 4.159239299999999]",2988.0386091574437,3.6,3.7
153,0.5,1,25,"[0.0, 24.567218369844795, 57.42301586246202, 90.9814491595086, 125.67823150235239, 161.2687680607704, 198.5073777968003, 239.67464397326336, 286.9328440935315, 334.25905169867605]","[4.179241200000001, 4.174555799999999, 4.1714454, 4.1692405, 4.167310700000001, 4.1657362, 4.1645546, 4.163530799999999, 4.1625466, 4.161759399999999, 4.1610899, 4.1604204, 4.1597509, 4.1593575]",2986.392700196806,3.6,3.7
154,0.5,1,25,"[0.0, 25.711151510314778, 57.96027727322718, 92.18941092497641, 126.79078647847956, 162.10510411305808, 199.7018965829767, 240.45639348376517, 288.00492789129123, 334.4240846334502]","[4.1793199, 4.1748314, 4.1714845, 4.1692405, 4.1673503, 4.1658936, 4.1646729, 4.163530799999999, 4.162625299999999, 4.161719799999999, 4.1610112, 4.16046, 4.1597509, 4.1592789]",2985.0866650712046,3.6,3.7
155,0.5,1,25,"[0.0, 25.70741519943698, 58.33198617923887, 92.42715573110081, 126.64953657603525, 162.55561446748607, 199.53885494041162, 241.00281772858818, 288.0174601709406, 334.1919602028404]","[4.1792808, 4.174674, 4.1714845, 4.1692405, 4.1673899, 4.165854, 4.164594200000001, 4.163530799999999, 4.162468, 4.161759399999999, 4.1610112, 4.1603417, 4.1597905, 4.159121]",2983.43152730252,3.6,3.7
156,0.5,1,25,"[0.0, 22.874252170509692, 55.31000919307502, 89.00837638552593, 123.91123821009967, 159.17965211667837, 196.9111174406438, 238.0619313978267, 284.7282007262894, 334.38482878044977]","[4.179241200000001, 4.1744375, 4.1714454, 4.1692009, 4.1672716, 4.1657362, 4.1644368, 4.1634521, 4.1624284, 4.1616411, 4.1609325, 4.1601844, 4.1595936, 4.159239299999999]",2981.991043086075,3.6,3.7
157,0.5,1,25,"[0.0, 22.527835812212686, 54.7166059421383, 88.76321960743957, 123.42088268231367, 158.95977879791258, 196.54817318563607, 237.0815159432126, 284.64554548438014, 334.4039087907578]","[4.1791625, 4.1744771, 4.1713271, 4.1691222, 4.1671143, 4.1657362, 4.164358099999999, 4.1634521, 4.1623893, 4.1616015, 4.160814299999999, 4.1601844, 4.1596332, 4.159081899999999]",2980.493760383979,3.6,3.7
158,0.5,1,25,"[0.0, 22.66826205194951, 55.398715932904054, 89.10498575312738, 123.43205420507178, 158.79620334787683, 196.14821036950707, 237.12510742594407, 283.9710844793717, 333.87632034315334]","[4.1792808, 4.174555799999999, 4.1714845, 4.169004, 4.167232, 4.1656966, 4.1644759, 4.1633344, 4.162468, 4.1616411, 4.1609325, 4.160381299999999, 4.1596332, 4.159081899999999]",2979.143587864854,3.6,3.7
159,0.5,1,25,"[0.0, 20.642986445523604, 53.17881630877383, 86.93897926672344, 121.14651104476542, 156.81443778470697, 193.97709209724786, 235.14281834787124, 281.6876793909692, 334.2231850381807]","[4.1792021, 4.1745162, 4.1714058, 4.169004, 4.167232, 4.1656966, 4.1645155, 4.1634521, 4.1625466, 4.1616807, 4.1609325, 4.1602235, 4.1596332, 4.159121]",2977.472291259091,3.6,3.7
160,0.5,1,25,"[0.0, 19.94704310688951, 52.16363749268146, 86.11527968406, 120.23203885132097, 155.91842227631918, 193.54417113911995, 234.05889571197315, 281.07474232343725, 334.0025387502035]","[4.1792021, 4.1744771, 4.1713271, 4.1691222, 4.1671534, 4.1656966, 4.1644368, 4.1632948, 4.162271, 4.1615229, 4.1607356, 4.1601057, 4.1595149, 4.1589637]",2975.732060728352,3.6,3.7
161,0.5,1,25,"[0.0, 18.410877196135743, 50.54403480571324, 84.34085823318117, 119.09988584254887, 154.57678777051046, 191.65010901487807, 232.57189405257265, 279.19437043347165, 319.5553956478546]","[4.1791625, 4.1744771, 4.1714058, 4.169004, 4.1671534, 4.1656179, 4.1642790000000005, 4.1633735, 4.1623497, 4.161483799999999, 4.160696, 4.1601057, 4.1594753, 4.1590424]",2974.021547882624,3.6,3.7
162,0.5,1,25,"[0.0, 17.723428478241374, 50.132259897161816, 83.53981711170212, 118.10428701968664, 153.7346601347685, 191.0724950970299, 231.34323032932082, 278.6891160447277, 319.3881147619628]","[4.179241200000001, 4.1745162, 4.1713271, 4.1690435, 4.1671143, 4.1656966, 4.1644368, 4.1633344, 4.1623893, 4.161483799999999, 4.1607356, 4.1601057, 4.1596332, 4.159003299999999]",2972.4355742854827,3.6,3.7
163,0.5,1,25,"[0.0, 27.636492058481224, 60.31156898808473, 93.93798242705606, 127.55901133528744, 163.46016878191466, 200.86507161988044, 241.73873341459233, 288.03177533213005, 333.17095360310867]","[4.1790051, 4.1743193, 4.1712089, 4.168807, 4.1669173, 4.1654606, 4.1641612, 4.1632552, 4.1621137, 4.1613655, 4.1606174, 4.1599479, 4.159239299999999, 4.158806299999999]",2970.40470314209,3.6,3.7
164,0.5,1,25,"[0.0, 29.95075565065565, 62.13977003915363, 95.91103604162964, 130.22331105597323, 165.29329130093384, 202.9694274146894, 243.64287975974634, 290.65407335064737, 333.4890419611275]","[4.1791625, 4.174398399999999, 4.1714058, 4.168885700000001, 4.167074700000001, 4.1655784, 4.1642790000000005, 4.1631765, 4.162271, 4.1614051, 4.160696, 4.159908799999999, 4.1594753, 4.1589241]",2969.03431806437,3.6,3.7
165,0.5,1,25,"[0.0, 27.771462741086737, 59.94753648141494, 93.45299229804982, 127.91479963507402, 163.2450186075364, 199.86735683275242, 241.0821290632424, 287.91321610690557, 333.0337311088052]","[4.1791229, 4.1744771, 4.1712875, 4.1689649, 4.167074700000001, 4.1655393, 4.1642399, 4.163137399999999, 4.1623497, 4.1615229, 4.1607356, 4.1600266, 4.1595149, 4.158885]",2967.5843459505245,3.6,3.7
166,0.5,1,25,"[0.0, 30.055148562306442, 62.14816703557159, 95.93659375636702, 130.1722111274085, 165.27581536405273, 202.72031826363036, 243.30785403664584, 289.8066006063285, 332.94148188788506]","[4.1790442, 4.1743193, 4.1712484, 4.168807, 4.1670351000000005, 4.1656179, 4.1642790000000005, 4.1630979, 4.162271, 4.1613259, 4.160578299999999, 4.1599874, 4.1594753, 4.1588454]",2965.761831697047,3.6,3.7
167,0.5,1,25,"[0.0, 26.077289902043617, 57.91612182241033, 91.62186341786713, 125.90254079318055, 161.0785232104625, 198.09131835710025, 239.05711045454257, 285.13981119492087, 333.1362243826636]","[4.178965600000001, 4.1742406, 4.1710119, 4.1687284, 4.166877700000001, 4.165421, 4.164042899999999, 4.1629796, 4.1619167, 4.1611295, 4.1604991, 4.1596332, 4.159121, 4.1586485]",2963.763286102433,3.6,3.7
168,0.5,1,25,"[0.0, 25.35381204889444, 57.58807032710274, 90.5381272406313, 124.90335377935105, 160.00116337524457, 197.1238378107625, 237.83561722949543, 283.69208910939216, 332.98847661560063]","[4.1790442, 4.174398399999999, 4.1710911, 4.168885700000001, 4.1669564, 4.1653814, 4.1642003, 4.1630588, 4.1620741, 4.1612082, 4.1604204, 4.1597905, 4.159239299999999, 4.1587667]",2962.19046340522,3.6,3.7
169,0.5,1,25,"[0.0, 26.538922562514927, 58.9587511344252, 91.92555565935493, 126.46932005907968, 161.4204179308715, 198.4525791935011, 238.74276147937036, 285.1054896669935, 332.55722410651305]","[4.1790442, 4.1742015, 4.1711302, 4.1687284, 4.1669564, 4.1654606, 4.1640825, 4.1630588, 4.162192299999999, 4.161286799999999, 4.16046, 4.159908799999999, 4.1593575, 4.1586485]",2960.710803346899,3.6,3.7
170,0.5,1,25,"[0.0, 24.861388430823865, 56.62787363354545, 89.98790645791587, 124.2651606619703, 159.20458630490748, 196.84195073085738, 237.11757748498297, 283.1703518086528, 333.3677181433106]","[4.1789265, 4.1742406, 4.1710515, 4.1686893, 4.1668386, 4.1653028, 4.1640825, 4.1629405, 4.162035, 4.1611686, 4.1603417, 4.1598301, 4.159239299999999, 4.1586094]",2958.995044827609,3.6,3.7
171,0.5,1,25,"[0.0, 26.766153407020397, 58.966077808002865, 92.30847203297861, 126.06098515277796, 161.37383540542214, 198.390586157136, 239.04544555562416, 285.47663113733336, 332.9393717371963]","[4.1788473, 4.1742015, 4.1709332, 4.1687284, 4.1668386, 4.165185, 4.1641216, 4.162861799999999, 4.162035, 4.1610112, 4.1604204, 4.1597509, 4.1591606, 4.1584911]",2957.4638693222414,3.6,3.7
172,0.5,1,25,"[0.0, 25.184037800202475, 56.89921657773402, 90.1752376275133, 124.7970392906322, 159.51834206502434, 196.9018897284024, 237.2563163839116, 283.29449494264844, 333.420802217882]","[4.178965600000001, 4.1742015, 4.1710515, 4.168807, 4.1667991, 4.1653028, 4.1640825, 4.1629405, 4.1620741, 4.1610899, 4.16046, 4.1596332, 4.159121, 4.1584911]",2955.9148611980518,3.6,3.7
173,0.5,1,25,"[0.0, 27.527511148890312, 59.18291593115356, 92.47468897216976, 126.83134297011759, 161.4527549621904, 199.02496701621516, 239.26817824413052, 285.2208597876067, 332.89545360473613]","[4.1790051, 4.1740046, 4.170815, 4.1685314, 4.1668386, 4.165263700000001, 4.1639643, 4.162861799999999, 4.161759399999999, 4.1610112, 4.1603417, 4.1596332, 4.159081899999999, 4.158452]",2954.042464621991,3.6,3.7
174,0.5,1,25,"[0.0, 26.35758623124474, 58.173794140348946, 91.32825617973612, 125.63442067362558, 160.82508538740967, 197.42376696990976, 237.9072991438798, 283.742866800904, 332.872229038425]","[4.1788869, 4.174122799999999, 4.1710119, 4.1685314, 4.1669173, 4.1651454, 4.1638856, 4.1627831, 4.1618381, 4.1611295, 4.1603417, 4.1595149, 4.1589637, 4.1584911]",2952.562283396132,3.6,3.7
175,0.5,1,25,"[0.0, 26.321833126413708, 57.8298142991606, 91.40547600552514, 125.37915028611195, 160.54456948353993, 197.1150513605686, 237.69241559783256, 283.5428642111782, 333.0926448417832]","[4.1790051, 4.1741619, 4.1710911, 4.1686101, 4.1667204, 4.1653423, 4.163846, 4.1628222, 4.1619167, 4.1610112, 4.1602631, 4.1595149, 4.1590424, 4.1584911]",2950.956664211696,3.6,3.7
176,0.5,1,25,"[0.0, 25.980312281328622, 57.60685418697204, 90.80681016664835, 125.00701630850773, 160.1541307379211, 196.87320594114698, 237.21762186590962, 282.3145525726737, 332.8495064010959]","[4.178808200000001, 4.1742015, 4.1709728, 4.1686497000000005, 4.1667204, 4.1652241000000005, 4.1639247, 4.1628222, 4.1619167, 4.161050299999999, 4.1602235, 4.1596332, 4.1589637, 4.1584911]",2949.242549738363,3.6,3.7
177,0.5,1,25,"[0.0, 22.966628886170156, 54.41739880608054, 87.58249109224755, 122.01492782011309, 156.92142652549114, 193.8668053702337, 234.12710641983983, 279.69491313735307, 332.62175797580267]","[4.1789265, 4.1741619, 4.1708941, 4.1684923, 4.1667204, 4.1653423, 4.1638064, 4.1628222, 4.1617985, 4.1609325, 4.1603022, 4.1596332, 4.1590424, 4.158333799999999]",2947.3572072304964,3.6,3.7
178,0.5,1,25,"[0.0, 23.27146809324097, 54.94099471169028, 87.82454888380653, 122.46094254103218, 157.31960896849125, 194.07144492828274, 234.19908231555462, 280.1950266226445, 318.1893612903507]","[4.1786900000000005, 4.1739259, 4.1708546, 4.1685314, 4.1665235, 4.165066700000001, 4.1637673, 4.162507499999999, 4.161719799999999, 4.160814299999999, 4.1600266, 4.1595149, 4.1588454, 4.1582551]",2945.262208995901,3.6,3.7
179,0.5,1,25,"[0.0, 23.00785951290584, 54.4644256544193, 87.63177059527641, 121.64923357587014, 156.7885681799583, 193.49118179980655, 233.65204377635905, 279.1449734609739, 318.3069614063859]","[4.1786509, 4.1740046, 4.1709332, 4.1684923, 4.1666021, 4.1651454, 4.163846, 4.1627831, 4.1618381, 4.1609716, 4.1601844, 4.1596332, 4.159003299999999, 4.158333799999999]",2943.7808943238674,3.6,3.7
180,0.5,1,25,"[0.0, 21.315780429610584, 52.70095719785655, 85.51987588052566, 119.46481196119396, 154.23922145656366, 191.67890593372277, 231.6155402398776, 277.5706862531286, 318.4443172906496]","[4.1787295, 4.173965, 4.1706576, 4.1683345, 4.1664839, 4.1649485, 4.163688700000001, 4.162625299999999, 4.161719799999999, 4.1607747, 4.1600266, 4.1593966, 4.1587276, 4.1582551]",2941.72831651313,3.6,3.7
181,0.5,1,25,"[0.0, 21.44717871768114, 52.89834265203069, 85.77522985885207, 119.92360102951318, 155.14916271284812, 191.57936158386065, 231.5085671137923, 276.9149750860969, 318.34485735677094]","[4.1786900000000005, 4.173965, 4.1707759, 4.1684136, 4.1665235, 4.165066700000001, 4.163688700000001, 4.1625466, 4.1615229, 4.160814299999999, 4.1600266, 4.1592789, 4.1586485, 4.158136799999999]",2939.833269896107,3.6,3.7
182,0.5,1,25,"[0.0, 17.487113912045288, 48.96981145612682, 81.81021433808746, 116.06336146586034, 150.9479910959367, 187.1555962022244, 227.2421906055613, 272.62333494978793, 318.4885700878907]","[4.1787686, 4.1738076, 4.1706972, 4.1682954, 4.1664839, 4.1650271, 4.1636491, 4.162468, 4.161562399999999, 4.1609325, 4.1600661, 4.1593966, 4.1587667, 4.158176399999999]",2938.07986253635,3.6,3.7
183,0.5,1,25,"[0.0, 29.154322832427, 60.43577595697809, 93.50462316532457, 126.9377554105028, 162.58800484875275, 199.14971794485217, 239.32789905806004, 284.8489894600297, 332.0847173693848]","[4.1786900000000005, 4.1739259, 4.170815, 4.1683741, 4.166405200000001, 4.1648302, 4.1636491, 4.1624284, 4.161562399999999, 4.1607356, 4.1599479, 4.1591606, 4.1585307, 4.158136799999999]",2936.305007412107,3.6,3.7
184,0.5,1,25,"[0.0, 17.294966433970785, 48.72085377749181, 81.94579990557247, 115.61842578208001, 150.62802267400923, 187.09915259059716, 226.93274843915873, 272.27482340256057, 318.1616873562961]","[4.1786900000000005, 4.1740437, 4.1706972, 4.1684527000000005, 4.1666021, 4.1650271, 4.1636491, 4.1625862, 4.161562399999999, 4.1607356, 4.1600266, 4.1593575, 4.158806299999999, 4.158136799999999]",2934.6897137784804,3.6,3.7
185,0.5,1,25,"[0.0, 29.415352925827506, 60.89755873581828, 94.04413972982672, 127.85821710236729, 162.6214894184584, 199.0277233731328, 239.42756313711635, 284.480269748957, 331.9806041338432]","[4.1786509, 4.1739259, 4.1707759, 4.1682954, 4.1664448, 4.1648698, 4.1636491, 4.1625466, 4.161483799999999, 4.1605387, 4.1599479, 4.1594362, 4.1586094, 4.1580582]",2933.347734495445,3.6,3.7
186,0.5,1,25,"[0.0, 28.74777532223976, 59.95132153131635, 92.80455547976044, 126.57818709605709, 161.64133900949957, 198.26037954243873, 237.95209652167136, 283.4456384614308, 331.5153762576632]","[4.1786509, 4.1738076, 4.1707363, 4.1682954, 4.1664448, 4.1648302, 4.1634917, 4.162468, 4.1614051, 4.160578299999999, 4.1597905, 4.1591606, 4.1585307, 4.1579399]",2931.8052873897304,3.6,3.7
187,0.5,1,25,"[0.0, 29.308450204612654, 60.47956062109705, 93.31147009905254, 127.23955515396477, 162.11281663434687, 198.50534483651649, 238.33216606030146, 283.97526186081825, 331.34326654737686]","[4.1786113, 4.173965, 4.1707759, 4.1684136, 4.166405200000001, 4.1648698, 4.163530799999999, 4.1624284, 4.1614051, 4.160656899999999, 4.1598301, 4.1591997, 4.1585698, 4.1580186]",2930.241084782441,3.6,3.7
188,0.5,1,25,"[0.0, 26.938908459004608, 58.12102986248203, 90.85709694071687, 124.76686141308846, 159.7235921258972, 196.30833630665347, 236.0970757811305, 281.5811152479128, 331.9462940623644]","[4.1785717, 4.1736894, 4.1706576, 4.1682167, 4.1662874, 4.1649094, 4.163530799999999, 4.1623497, 4.161286799999999, 4.1604991, 4.1598301, 4.159003299999999, 4.1584125, 4.1579399]",2928.548638632135,3.6,3.7
189,0.5,1,25,"[0.0, 22.298228555830974, 53.37369086493379, 85.83332783578697, 119.91769559055234, 154.71577889983314, 190.7997641751503, 230.41295046596446, 275.56905564872415, 317.40085262851284]","[4.1784930000000005, 4.1736107, 4.1704216, 4.1680984, 4.1661296000000005, 4.1644759, 4.1632948, 4.162192299999999, 4.1611295, 4.160381299999999, 4.1595936, 4.158885, 4.1582551, 4.1577039]",2926.29304490492,3.6,3.7
190,0.5,1,25,"[0.0, 25.039743556814187, 56.045513032163285, 89.04890202105196, 122.70537135773475, 157.1134334042407, 193.64473526115495, 232.8808217209599, 277.8417993729085, 317.2175332757567]","[4.1784930000000005, 4.1735716, 4.1704607000000005, 4.167980200000001, 4.1661296000000005, 4.1646729, 4.1633735, 4.1620741, 4.1610899, 4.1603022, 4.1595149, 4.158806299999999, 4.1582942, 4.1577039]",2924.86226371175,3.6,3.7
191,0.5,1,25,"[0.0, 23.78785952003767, 55.01146533271958, 87.48846840549868, 121.50635007332727, 156.10404900118795, 192.20796801026916, 231.98262510482613, 276.55020224479307, 317.48629187764476]","[4.1786900000000005, 4.1738472, 4.1704607000000005, 4.1680984, 4.1661296000000005, 4.1646729, 4.1634521, 4.1623106, 4.1612082, 4.16046, 4.1595545, 4.1588454, 4.158333799999999, 4.1575856]",2923.549609148899,3.6,3.7
192,0.5,1,25,"[0.0, 20.746264114903624, 51.74145411305773, 83.96490149564607, 118.09583083051922, 152.68421514337018, 188.9381670252182, 228.23971213435652, 273.3327213373584, 317.7000525342477]","[4.1784930000000005, 4.1736894, 4.170382, 4.1680589, 4.1661296000000005, 4.164594200000001, 4.1632161, 4.1623106, 4.1612082, 4.1603022, 4.1596332, 4.1588454, 4.1582155, 4.1577039]",2922.085117721626,3.6,3.7
193,0.5,1,25,"[0.0, 30.010175960772926, 61.076305525169744, 93.72295010085139, 126.78651005513228, 161.42676515951467, 197.85839031251993, 237.46575188037053, 282.19270175212256, 331.12575419114836]","[4.1785326000000005, 4.1736894, 4.1705003, 4.168138, 4.1662083, 4.1647911, 4.1632161, 4.1623893, 4.161247299999999, 4.1603022, 4.1595149, 4.1589241, 4.158333799999999, 4.157743]",2920.510247290039,3.6,3.7
